-- phpMyAdmin SQL Dump
-- version 4.1.14
-- http://www.phpmyadmin.net
--
-- Host: 127.0.0.1
-- Generation Time: May 22, 2015 at 08:47 AM
-- Server version: 5.6.17
-- PHP Version: 5.5.12

SET SQL_MODE = "NO_AUTO_VALUE_ON_ZERO";
SET time_zone = "+00:00";


/*!40101 SET @OLD_CHARACTER_SET_CLIENT=@@CHARACTER_SET_CLIENT */;
/*!40101 SET @OLD_CHARACTER_SET_RESULTS=@@CHARACTER_SET_RESULTS */;
/*!40101 SET @OLD_COLLATION_CONNECTION=@@COLLATION_CONNECTION */;
/*!40101 SET NAMES utf8 */;

--
-- Database: `prototype`
--

-- --------------------------------------------------------

--
-- Table structure for table `companies`
--

CREATE TABLE IF NOT EXISTS `companies` (
  `index_id` int(100) NOT NULL AUTO_INCREMENT,
  `id` int(100) NOT NULL,
  `company` varchar(250) COLLATE utf8_bin NOT NULL,
  `reg_code` int(100) DEFAULT NULL,
  `sector_code` varchar(150) COLLATE utf8_bin DEFAULT NULL,
  `sector_name` varchar(150) COLLATE utf8_bin DEFAULT NULL,
  `org` varchar(250) COLLATE utf8_bin DEFAULT NULL,
  PRIMARY KEY (`index_id`),
  KEY `index_id` (`index_id`)
) ENGINE=InnoDB  DEFAULT CHARSET=utf8 COLLATE=utf8_bin AUTO_INCREMENT=7 ;

--
-- Dumping data for table `companies`
--

INSERT INTO `companies` (`index_id`, `id`, `company`, `reg_code`, `sector_code`, `sector_name`, `org`) VALUES
(1, 258, '4 хараа ХХК', NULL, NULL, NULL, NULL),
(2, 413, '5 толгой нисэх буудал ХХК', NULL, NULL, 'агаарын тээвэр', '9'),
(3, 228, 'CBXZ ХХК', NULL, NULL, NULL, NULL),
(4, 36, 'Get center ХХК', NULL, NULL, NULL, NULL),
(5, 205, 'Жи мобайл ХХК', NULL, 'J6120', 'Утасгүй холбоо', '9'),
(6, 259, 'GSMM нөхөрлөл', NULL, NULL, NULL, NULL);

-- --------------------------------------------------------

--
-- Table structure for table `finance`
--

CREATE TABLE IF NOT EXISTS `finance` (
  `id` int(10) NOT NULL AUTO_INCREMENT,
  `year` varchar(50) COLLATE utf8_bin DEFAULT NULL,
  `month` varchar(2) COLLATE utf8_bin DEFAULT NULL,
  `day` varchar(3) COLLATE utf8_bin DEFAULT NULL,
  `name` varchar(100) COLLATE utf8_bin DEFAULT NULL,
  `debt` double DEFAULT NULL,
  `remaining` double NOT NULL,
  PRIMARY KEY (`id`),
  KEY `id` (`id`)
) ENGINE=InnoDB  DEFAULT CHARSET=utf8 COLLATE=utf8_bin AUTO_INCREMENT=48 ;

--
-- Dumping data for table `finance`
--

INSERT INTO `finance` (`id`, `year`, `month`, `day`, `name`, `debt`, `remaining`) VALUES
(1, '2008', '7', '23', 'МУНН', 0, 0),
(2, '2008', '7', '29', 'Эрх Чөлөөг Хэрэгжүүлэгч нам', 0, 5),
(3, '2008', '7', '29', 'Иргэний Зориг Нам\r\n', 0, 232.097),
(4, '2008', '7', '29', 'Ардчилсан Нам\r\n', 0, -119181.5),
(5, '2008', '7', '29', 'МОНАРХН\r\n', 0, 16.7),
(6, '2008', '7', '29', 'МАХН\r\n', 2500, 25),
(7, '2008', '8', '12', 'Иргэний эвсэл\r\n', 0, 273),
(8, '2008', '7', '24', 'П.Одончимэг           /14 дүгээр тойрог/\r\n', 0, -3.638),
(9, '2008', '7', '28', 'З.Алтай /22 дугаар тойрог/\r\n', 0, 0),
(10, '2008', '7', '28', 'Ц.Энхжин                  /25 дугаар тойрог/\r\n', 2695.65, 451.85),
(11, '2008', '7', '29', 'Ж.Занаа                      /21 дүгээр тойрог/\r\n', 0, -10.65),
(12, '2008', '7', '29', 'К.Ханагат                 /16 дугаар тойрог/\r\n', 0, 20),
(13, '2008', '7', '29', 'Э.Гүр-Аранз            /9 дүгээр тойрог/\r\n', 0, 140.00002),
(14, '2009', '6', '22', 'МАХН\r\n', 0, 0),
(15, '2009', '6', '23', 'Ардчилсан Нам \r\n', 0, 7.1),
(16, '2012', '7', '27', 'Эрх Чөлөөг Хэрэгжүүлэгч Нам\r\n', 0, 18),
(17, '2012', '7', '27', 'Монголын Уламжлалын Нэгдсэн Нам\r\n', 0, 285),
(18, '2012', '7', '27', 'Монгол Ардын Нам\r\n', 0, 120.8),
(19, '2012', '7', '27', 'МАН-аас нэр дэвшигчид\r\n', 9960, 219279.3),
(20, '2012', '7', '27', 'Иргэний Зориг Ногоон Нам\r\n', 0, 23.5),
(21, '2012', '7', '27', 'ИЗНН-аас нэр дэвшигчид\r\n', 0, 3490.1),
(22, '2012', '7', '27', 'Монголын Социал Демократ Нам\r\n', 0, 445.6),
(23, '2012', '7', '27', 'МСДН-аас нэр дэвшигчид\r\n', 0, 3494),
(24, '2012', '7', '30', 'Ардчилсан Нам\r\n', 0, 0),
(25, '2012', '7', '30', 'АН-аас нэр дэвшигчид\r\n', 1000, 50514.7),
(26, '2012', '7', '30', 'МАХН-МҮАН-ын "Шударга ёс эвсэл"-ийн нэр дэвшигчид\r\n', 0, 21580.7),
(27, '2012', '7', '31', 'Монголын Ногоон Нам\r\n', 0, 22.25),
(28, '2012', '7', '31', 'МНН-аас нэр дэвшигчид\r\n', 1000, -1137.6),
(29, '2012', '8', '8', 'Эх Орон Нам\r\n', 0, 1404),
(30, '2012', '8', '8', 'ЭОН-аас нэр дэвшигчид\r\n', 0, 7072.5),
(31, '2012', '8', '30', 'Иргэний Хөдөлгөөний Нам\r\n', 0, 20),
(32, '2012', '8', '30', 'ИХН-аас нэр дэвшигчид\r\n', 0, 258.5),
(33, '2012', '10', '1', 'Гурав дахь хүчин эвсэл\r\n', 0, 3046.2),
(34, '2012', '7', '25', 'А.Баясгалан         /16 дугаар тойрог/\r\n', 0, 0),
(35, '2012', '7', '25', 'Ш.Адьшаа                      /16 дугаар тойрог/\r\n', 0, 47.5),
(36, '2012', '7', '25', 'С.Ганбаатар            /19 дүгээр тойрог/\r\n', 0, 4349.2),
(37, '2012', '7', '27', 'Ж.Мөнхтөр                     /19 дүгээр тойрог/\r\n', 0, 0),
(38, '2012', '7', '27', 'Ж.Энхжаргал                  /7 дугаар тойрог/\r\n', 0, 4.4),
(39, '2012', '7', '27', 'Д.Мөнхцэцэг                        /22 дугаар тойрог/\r\n', 0, 0),
(40, '2012', '7', '28', 'Г.Дашдэмбэрэл       /20 дугаар тойрог/\r\n', 0, 0),
(41, '2012', '7', '28', 'Ц.Мөнхбаяр           /26 дугаар тойрог/\r\n', 0, -9.0949),
(42, '2012', '7', '30', 'Ц.Даваасүрэн                 /17 дугаар тойрог/\r\n', 0, 18.8),
(43, '2012', '8', '2', 'Х.Болорчулуун              /7 дугаар тойрог/\r\n', 0, 26.9),
(44, '2012', '8', '6', 'П.Төмөрбаатар            /26 дугаар тойрог/\r\n', 0, 0),
(45, '2013', NULL, NULL, 'АН\r\n', 0, 17.7),
(46, '2013', NULL, NULL, 'МАН\r\n', 1838274.5, 305.7),
(47, '2013', NULL, NULL, 'МАХН\r\n', 0, 84.9);

-- --------------------------------------------------------

--
-- Table structure for table `income`
--

CREATE TABLE IF NOT EXISTS `income` (
  `id` int(100) NOT NULL AUTO_INCREMENT,
  `from_inside` double DEFAULT NULL,
  `from_candidate` double DEFAULT NULL,
  `from_people` double DEFAULT NULL,
  `other_parties` double DEFAULT NULL,
  `other` double DEFAULT NULL,
  `total` double NOT NULL,
  PRIMARY KEY (`id`),
  KEY `id` (`id`)
) ENGINE=InnoDB  DEFAULT CHARSET=utf8 COLLATE=utf8_bin AUTO_INCREMENT=48 ;

--
-- Dumping data for table `income`
--

INSERT INTO `income` (`id`, `from_inside`, `from_candidate`, `from_people`, `other_parties`, `other`, `total`) VALUES
(1, 4000, 15000, 11578.1, 0, 0, 30578.1),
(2, 1500, 0, 3005, 0, 0, 4505),
(3, 0, 51685.74, 153352.6, 0, 0, 205038.34),
(4, 0, 320058.9, 1597176, 0, 4162765.1, 6080000),
(5, 482, 0, 1250, 0, 0, 1732),
(6, 526615.3, 66500, 150001.1, 0, 200000, 943116.4),
(7, 205249.6, 15774, 83910, 0, 190493.7, 495427.3),
(8, 23875, 0, 7000, 0, 0, 30875),
(9, 3900, 6100, 1500, 0, 0, 11500),
(10, 0, 15000, 12000, 0, 10, 27010),
(11, 0, 8500, 10199.25, 0, 0, 18699.25),
(12, 22300, 0, 4150, 0, 0, 26450),
(13, 38100, 24000, 41300, 0, 0, 103400),
(14, 699990.2, 0, 189100, 0, 1103083, 1992173.2),
(15, 308935.4, 0, 53410, 0, 2591064.2, 2953409.6),
(16, 0, 10000, 20352.5, 0, 0, 30352.5),
(17, 0, 130000, 22250, 0, 0, 152250),
(18, 1648000, 66500, 2650208.5, 0, 0, 4364708.5),
(19, 3582795.9, 1036750, 5487592.7, 0, 0, 10107138.6),
(20, 0, 63000, 866800, 0, 1020, 930820),
(21, 188234.4, 23000, 151412.8, 0, 0.2, 362647.4),
(22, 6034.9, 118005, 27361, 0, 44.7, 151445.6),
(23, 121598, 2500, 15734, 0, 10873, 150705),
(24, 645000, 636791.4, 3654516.9, 0, 0, 4936308.3),
(25, 6669137.2, 829232, 3725927.6, 0, 32038, 11256334.8),
(26, 1696230.5, 148717, 1211209.5, 0, 0, 3056157),
(27, 0, 8760, 10077, 0, 0, 18837),
(28, 64606.6, 2900, 15706.2, 0, 0, 83212.8),
(29, 0, 0, 67000, 0, 0, 67000),
(30, 300477, 0, 19800, 0, 0, 320277),
(31, 0, 0, 48495, 0, 0, 48495),
(32, 91015.8, 4000, 26097.5, 0, 0, 121113.3),
(33, 192238.8, 0, 2990, 0, 0, 195388.8),
(34, 2204.5, 0, 700, 0, 0, 2904.5),
(35, 163000, 0, 53700, 0, 0, 216700),
(36, 0, 100, 221016.4, 0, 0, 221116.4),
(37, 165020, 6500, 26798, 0, 0, 198318),
(38, 230000, 0, 0, 0, 0, 230000),
(39, 5347.5, 0, 1150, 0, 0, 6497.5),
(40, 0, 0, 940, 0, 5050, 5990),
(41, 0, 0, 2000, 0, 5580.8, 7580.8),
(42, 44000, 15000, 21020, 0, 0, 80020),
(43, 218000, 0, 0, 0, 0, 218000),
(44, 142.9, 0, 550, 0, 100, 792.9),
(45, 0, 0, 0, 3498437.9, 3133710.1, 6632148),
(46, 565000, 0, 0, 2377703.6, 288000, 3230703.6),
(47, 20, 0, 0, 740420.9, 75415, 815855.9);

-- --------------------------------------------------------

--
-- Table structure for table `irged_aan`
--

CREATE TABLE IF NOT EXISTS `irged_aan` (
  `id` int(100) NOT NULL AUTO_INCREMENT,
  `partyid` int(100) NOT NULL,
  `type` varchar(50) COLLATE utf8_bin NOT NULL,
  `name` varchar(100) COLLATE utf8_bin NOT NULL,
  `size` double NOT NULL,
  PRIMARY KEY (`id`),
  KEY `id` (`id`)
) ENGINE=InnoDB DEFAULT CHARSET=utf8 COLLATE=utf8_bin AUTO_INCREMENT=1 ;

-- --------------------------------------------------------

--
-- Table structure for table `laws`
--

CREATE TABLE IF NOT EXISTS `laws` (
  `id` int(11) NOT NULL AUTO_INCREMENT,
  `text` text COLLATE utf8_bin NOT NULL,
  `sanctions` text COLLATE utf8_bin,
  `source` varchar(150) COLLATE utf8_bin NOT NULL,
  `section` varchar(150) COLLATE utf8_bin DEFAULT NULL,
  PRIMARY KEY (`id`),
  KEY `id` (`id`)
) ENGINE=InnoDB  DEFAULT CHARSET=utf8 COLLATE=utf8_bin AUTO_INCREMENT=64 ;

--
-- Dumping data for table `laws`
--

INSERT INTO `laws` (`id`, `text`, `sanctions`, `source`, `section`) VALUES
(1, '16.1. Намын эд хөрөнгөд үл хөдлөх, хөдлөх эд хөрөнгө байна.', NULL, 'УЛС ТӨРИЙН НАМЫН ТУХАЙ', NULL),
(2, '16.2. Намын хөрөнгөд дараахь зүйл хамаарна: Гишүүний татвар, гишүүн, талархан дэмжигч иргэн, хуулийн этгээдээс өгсөн хандив, төрөөс үзүүлэх санхүүгийн дэмжлэг, намын бэлэгдэл бүхий бэлэг дурсгалын зүйлс, намын өмчлөлд байгаа эд юмс, намын хэвлэл, мэдээлэл, сурталчилгааны орлого, өөрийн өмчлөлийн эд хөрөнгийг худалдах буюу түрээслүүлж ашигласнаас орсон орлого, намын мөнгөн хөрөнгийг банкинд хадгалуулсны хүүв', NULL, 'УЛС ТӨРИЙН НАМЫН ТУХАЙ', NULL),
(3, '16.3. Энэ хуулийн 16 дугаар зүйлд зааснаас бусад хэлбэрээр ашиг олох аж ахуйн үйл ажиллагаа эрхлэхийг хориглоно.', '24.2.3. энэ хуулийн 16.3-т заасныг зөрчин хуулиар хориглосон бусад хэлбэрээр ашиг олсон бол олсон ашгийг хурааж, албан тушаалтанд 40000-60000 хүртэл төгрөгийн, намд 200000-250000 хүртэл төгрөгийн торгууль ногдуулах;', 'УЛС ТӨРИЙН НАМЫН ТУХАЙ', NULL),
(4, '17 дугаар зүйл. Намын орлогын зарцуулалт : 17.1. Намын орлогыг зөвхөн намын мөрийн хөтөлбөр, дүрэмд тусгагдсан үйл ажиллагаа явуулахад зарцуулна. 17.2. Намын орлогыг өөр зүйлд зарцуулах, гишүүдэд ногдол ашиг болгон хуваарилахыг хориглоно.', '24.2.4. энэ хуулийн 17.2-т заасныг зөрчин намын орлогоос ногдол ашиг хуваарилах, иргэн, аж ахуйн нэгж, байгууллагын төлбөрийг төлөх, өөр зүйлд зарцуулсан бол албан тушаалтанд 40000-60000 хүртэл төгрөгийн, намд 200000-250000 хүртэл төгрөгийн торгууль ногдуулах;', 'УЛС ТӨРИЙН НАМЫН ТУХАЙ', NULL),
(5, '18.2. Гишүүн, дэмжигчид үзэл бодол, итгэл үнэмшлээрээ намыг дэмжин хандив өргөж болно. Хандивыг зөвхөн тухайн шатны намын байгууллагын дансаар дамжуулж авна.', '24.2.5. энэ хуулийн 18.2, 18.3-т заасныг зөрчсөн бол данснаас гадуур авсан болон илүү авсан хандивыг хурааж, албан тушаалтанд 40000-60000 хүртэл төгрөгийн, намд 200000-250000 хүртэл төгрөгийн торгууль ногдуулах;', 'УЛС ТӨРИЙН НАМЫН ТУХАЙ', NULL),
(6, '18.3. Намд зориулж нэг удаа өгөх хандивын дээд хэмжээ хуулийн этгээдээс арван сая, иргэдээс нэг сая төгрөгөөс хэтэрч болохгүй бөгөөд нэг хандивлагч намын нэг байгууллагад жилд 2-оос дээш удаа хандив өгөхийг хориглоно. Намд хандив өгсний төлөө албан тушаал, хувийн эрх ашиг хөөцөлдөх, шахалт үзүүлэхийг хориглоно.', '24.2.5. энэ хуулийн 18.2, 18.3-т заасныг зөрчсөн бол данснаас гадуур авсан болон илүү авсан хандивыг хурааж, албан тушаалтанд 40000-60000 хүртэл төгрөгийн, намд 200000-250000 хүртэл төгрөгийн торгууль ногдуулах;', 'УЛС ТӨРИЙН НАМЫН ТУХАЙ', NULL),
(7, '18.4. Нам хандивынхаа талаар нийтэд мэдээлж байна.', NULL, 'УЛС ТӨРИЙН НАМЫН ТУХАЙ', NULL),
(8, '18.5. Гишүүний татвар болон хандивыг тооцооны нэг дансанд байршуулна.', NULL, 'УЛС ТӨРИЙН НАМЫН ТУХАЙ', NULL),
(9, '18.6. Сонгуулийн үйл ажиллагаанд зориулж намд өргөсөн хандивын асуудлыг сонгуулийн хууль тогтоомжоор зохицуулна', NULL, 'УЛС ТӨРИЙН НАМЫН ТУХАЙ', NULL),
(10, '18.7. Дараахь этгээдээс хандив авахыг хориглоно:18.7.1. арван найман насанд хүрээгүй Монгол Улсын иргэн; 18.7.2. төрийн болон төрийн өмчийн оролцоотой аж ахуйн нэгж, байгууллага; 18.7.3. шашны байгууллага; 18.7.4. олон улсын байгууллага, гадаадын иргэн, хуулийн этгээд, харьяалалгүй хүн; 18.7.5. байгуулагдаад нэг жил болоогүй хуулийн этгээд; 18.7.6. тодорхой нэр хаяггүй этгээд; 18.7.7. дампуурсан болон банкны хугацаа хэтэрсэн зээлийн өртэй хуулийн этгээд; 18.7.8. хуулиар хориглосон бусад этгээд.', '24.2.6. энэ хуулийн 18.7-д заасан этгээдээс хандив авсан бол хандивыг хурааж, тухайн намд 200000-250000 хүртэл төгрөгийн, албан тушаалтанд 50000-60000 хүртэл төгрөгийн торгууль ногдуулах.', 'УЛС ТӨРИЙН НАМЫН ТУХАЙ', NULL),
(11, '18.8. Олон улсын байгууллага болон улс төрийн үйл ажиллагаа явуулдаг гадаадын байгууллага, сантай хамтран зохион байгуулах арга хэмжээ, хэрэгжүүлэх төслийн санхүүжилт энэ хуулийн 18.7.4-т хамаарахгүй', NULL, 'УЛС ТӨРИЙН НАМЫН ТУХАЙ', NULL),
(12, '19.1. Улсын Их Хурлын сонгуулиар тухайн намын авсан саналыг нийт хүчинтэй саналын тоотой харьцуулах зарчмаар нэг саналыг мянган төгрөгөөр тооцож, сонгуулийн дүн гарсны дараа гурван сарын дотор багтаан Улсын Их Хуралд суудал бүхий намд төр нэг удаа мөнгөн дэмжлэг үзүүлнэ.', NULL, 'УЛС ТӨРИЙН НАМЫН ТУХАЙ', NULL),
(13, '19.2. Улсын Их Хуралд суудал бүхий намд түүний авсан суудлын тоогоор Улсын Их Хурлын гишүүний нэг суудлыг жилд арван сая төгрөгөөр тооцож, Улсын Их Хурлын тухайн бүрэн эрхийн хугацаанд улирал тутам улсын төсвөөс санхүүжилт олгоно. Энэхүү санхүүжилтийн 50 хувийг Улсын Их Хурлын гишүүдийн сонгуулийн тойрогт явуулах үйл ажиллагаанд зарцуулна', NULL, 'УЛС ТӨРИЙН НАМЫН ТУХАЙ', NULL),
(14, '20.1. Намын санхүүгийн үйл ажиллагаанд тухайн намын хяналтын байгууллага хяналт тавина.', NULL, 'УЛС ТӨРИЙН НАМЫН ТУХАЙ', NULL),
(15, '20.2. Намын төв байгууллага нь харьяа байгууллагын санхүүгийн тайлан гаргасны дараа нэгдсэн тайлан гаргана.', NULL, 'УЛС ТӨРИЙН НАМЫН ТУХАЙ', NULL),
(16, '20.3. Нам санхүүгийн үйл ажиллагаандаа жил бүр аудит хийлгэн баталгаажуулж, нийтэд мэдээлнэ.', '24.2.7. энэ хуулийн 20.3-т заасныг зөрчин намын санхүүгийн үйл ажиллагаанд аудит хийлгэхээс зайлсхийсэн, аудит хийлгэн баталгаажуулсан боловч нийтэд мэдээлээгүй бол албан тушаалтанд 40000-60000 хүртэл төгрөгийн, намд 100000-250000 хүртэл төгрөгийн торгууль ногдуулах;', 'УЛС ТӨРИЙН НАМЫН ТУХАЙ', NULL),
(17, '20.4. Намын удирдлага, намын санхүүгийн албаны дарга, ерөнхий менежер, түүнтэй адилтгах албан тушаалтан нь аль нэгэн улс төрийн сан, нийгэмлэг, аж ахуйн нэгж, байгууллагад санхүүтэй холбогдсон ажил, албан тушаал эрхлэхийг хориглоно.', '24.2.8. энэ хуулийн 20.4-т заасныг зөрчин ажил, албан тушаал эрхэлсэн бол албан тушаалтанд 50000-60000 хүртэл төгрөгийн торгууль ногдуулах', 'УЛС ТӨРИЙН НАМЫН ТУХАЙ', NULL),
(18, '20.5. Намын дарга намын санхүү, төсвийн үйл ажиллагаанд захиран зарцуулах эрхтэйгээр оролцохыг хориглоно.', '24.2.9. энэ хуулийн 20.5-д заасныг зөрчсөн бол албан тушаалтанд 50000-60000 хүртэл төгрөгийн торгууль ногдуулах', 'УЛС ТӨРИЙН НАМЫН ТУХАЙ', NULL),
(19, '20.6. Монгол Улсын Ерөнхийлөгч, Улсын Их Хурлын болон Аймаг, нийслэл, сум, дүүргийн иргэдийн Төлөөлөгчдийн Хурлын сонгуулийн болон нөхөн сонгуулийн зардлын тайланг гаргахтай холбогдох харилцааг сонгуулийн хууль тогтоомжоор зохицуулна.', NULL, 'УЛС ТӨРИЙН НАМЫН ТУХАЙ', NULL),
(20, '24.2.3. энэ хуулийн 16.3-т заасныг зөрчин хуулиар хориглосон бусад хэлбэрээр ашиг олсон бол олсон ашгийг хурааж, албан тушаалтанд 40000-60000 хүртэл төгрөгийн, намд 200000-250000 хүртэл төгрөгийн торгууль ногдуулах;', NULL, 'УЛС ТӨРИЙН НАМЫН ТУХАЙ', NULL),
(21, '24.2.4. энэ хуулийн 17.2-т заасныг зөрчин намын орлогоос ногдол ашиг хуваарилах, иргэн, аж ахуйн нэгж, байгууллагын төлбөрийг төлөх, өөр зүйлд зарцуулсан бол албан тушаалтанд 40000-60000 хүртэл төгрөгийн, намд 200000-250000 хүртэл төгрөгийн торгууль ногдуулах;', NULL, 'УЛС ТӨРИЙН НАМЫН ТУХАЙ', NULL),
(22, '24.2.5. энэ хуулийн 18.2, 18.3-т заасныг зөрчсөн бол данснаас гадуур авсан болон илүү авсан хандивыг хурааж, албан тушаалтанд 40000-60000 хүртэл төгрөгийн, намд 200000-250000 хүртэл төгрөгийн торгууль ногдуулах;', NULL, 'УЛС ТӨРИЙН НАМЫН ТУХАЙ', NULL),
(23, '24.2.6. энэ хуулийн 18.7-д заасан этгээдээс хандив авсан бол хандивыг хурааж, тухайн намд 200000-250000 хүртэл төгрөгийн, албан тушаалтанд 50000-60000 хүртэл төгрөгийн торгууль ногдуулах.', NULL, 'УЛС ТӨРИЙН НАМЫН ТУХАЙ', NULL),
(24, '24.2.7. энэ хуулийн 20.3-т заасныг зөрчин намын санхүүгийн үйл ажиллагаанд аудит хийлгэхээс зайлсхийсэн, аудит хийлгэн баталгаажуулсан боловч нийтэд мэдээлээгүй бол албан тушаалтанд 40000-60000 хүртэл төгрөгийн, намд 100000-250000 хүртэл төгрөгийн торгууль ногдуулах;', NULL, 'УЛС ТӨРИЙН НАМЫН ТУХАЙ', NULL),
(25, '24.2.8. энэ хуулийн 20.4-т заасныг зөрчин ажил, албан тушаал эрхэлсэн бол албан тушаалтанд 50000-60000 хүртэл төгрөгийн торгууль ногдуулах', NULL, 'УЛС ТӨРИЙН НАМЫН ТУХАЙ', NULL),
(26, '24.2.9. энэ хуулийн 20.5-д заасныг зөрчсөн бол албан тушаалтанд 50000-60000 хүртэл төгрөгийн торгууль ногдуулах', NULL, 'УЛС ТӨРИЙН НАМЫН ТУХАЙ', NULL),
(27, '23.4.Нам, эвсэл нь сонгуульд оролцох хүсэлтдээ дараах баримт бичгийг хавсарган Сонгуулийн ерөнхий хороонд ирүүлнэ: 23.4.5.сүүлийн нэг жилийн хугацаанд тухайн нам буюу эвсэлд нэгдэн орсон намуудад иргэн, хуулийн этгээдээс өгсөн хандивын аудитын байгууллагаар хянуулж баталгаажуулсан тайлан', '25.3.Дараах тохиолдолд нам, эвслийг бүртгэхээс татгалзана: 25.3.2.энэ хуулийн 23.4, 23.5-д заасан баримт бичиг дутуу, эсхүл хуурамч бол; 25.3.3.энэ хуулийн 23.4, 23.5-д заасан баримт бичгийг энэ хуулийн 23.3-т заасан хугацаа дууссанаас хойш ирүүлсэн бол;', 'МОНГОЛ УЛСЫН ИХ ХУРЛЫН СОНГУУЛИЙН ТУХАЙ', NULL),
(28, '25.3.Дараах тохиолдолд нам, эвслийг бүртгэхээс татгалзана: 25.3.2.энэ хуулийн 23.4, 23.5-д заасан баримт бичиг дутуу, эсхүл хуурамч бол; 25.3.3.энэ хуулийн 23.4, 23.5-д заасан баримт бичгийг энэ хуулийн 23.3-т заасан хугацаа дууссанаас хойш ирүүлсэн бол;', NULL, 'МОНГОЛ УЛСЫН ИХ ХУРЛЫН СОНГУУЛИЙН ТУХАЙ', NULL),
(29, '34.4.Нам, эвслийн сонгуулийн мөрийн хөтөлбөрт санхүүгийн тодорхой эх үүсвэр шаардсан арга хэмжээ тусгагдсан тохиолдолд түүнийг хэрэгжүүлэхэд шаардагдах зардлын дүн нь Төсвийн тогтвортой байдлын тухай хуульд заасан төсвийн тусгай шаардлагад нийцсэн байна.', NULL, 'МОНГОЛ УЛСЫН ИХ ХУРЛЫН СОНГУУЛИЙН ТУХАЙ', NULL),
(30, '34.5.Нам, эвсэл сонгуулийн мөрийн хөтөлбөрөө Төсвийн тогтвортой байдлын тухай хуульд заасан төсвийн тусгай шаардлагад нийцэж байгаа эсэх талаар төрийн аудитын байгууллагаар дүгнэлт гаргуулна.', NULL, 'МОНГОЛ УЛСЫН ИХ ХУРЛЫН СОНГУУЛИЙН ТУХАЙ', NULL),
(31, '34.7.Нам, эвсэл болон бие даан нэр дэвшигч нь сонгуулийн мөрийн хөтөлбөрийг хэрэгжүүлэх санхүүгийн эх үүсвэрийн талаарх тооцоо, судалгааг хөндлөнгийн хяналтын байгууллагаар хянуулсан байна.', NULL, 'МОНГОЛ УЛСЫН ИХ ХУРЛЫН СОНГУУЛИЙН ТУХАЙ', NULL),
(32, '37.1.Сонгуулийн ерөнхий хороо тойрогт нэг нэр дэвшигчээс сонгуульд зарцуулах зардлын дээд хэмжээг тухайн тойргийн нутаг дэвсгэрийн хэмжээ, байршил, хүн амын тоо зэргийг харгалзан тойрог тус бүрээр, түүнчлэн нам, эвслээс сонгуульд зарцуулах зардлын дээд хэмжээг сонгуулийн жилийн хоёрдугаар сарын нэгний дотор тус тус тогтооно.\r\n', '37.3.Энэ хуулийн 37.1-д заасан сонгуулийн зардлын дээд хэмжээг хэтрүүлсэн нам, эвслийг нэг сарын хөдөлмөрийн хөлсний доод хэмжээг арван таваас хорь дахин нэмэгдүүлсэнтэй тэнцэх хэмжээний төгрөгөөр, нэр дэвшигчийг нэг сарын хөдөлмөрийн хөлсний доод хэмжээг арваас арван тав дахин нэмэгдүүлсэнтэй тэнцэх хэмжээний төгрөгөөр тус тус торгоно.\r\n', 'МОНГОЛ УЛСЫН ИХ ХУРЛЫН СОНГУУЛИЙН ТУХАЙ', NULL),
(33, '37.2.Энэ хуулийн 37.1-д заасан сонгуульд зарцуулах зардлын дээд хэмжээнд багтаан нам, эвслийн сонгуулийн зардлыг тухайн нам, эвсэл нь, нам, эвслээс нэр дэвшигчийн сонгуулийн зардлыг тухайн нам, эвсэл болон нэр дэвшигч тус тус хариуцах бөгөөд бие даан нэр дэвшигч сонгуулийн зардлаа өөрөө хариуцна.\r\n', NULL, 'МОНГОЛ УЛСЫН ИХ ХУРЛЫН СОНГУУЛИЙН ТУХАЙ', NULL),
(34, '37.3.Энэ хуулийн 37.1-д заасан сонгуулийн зардлын дээд хэмжээг хэтрүүлсэн нам, эвслийг нэг сарын хөдөлмөрийн хөлсний доод хэмжээг арван таваас хорь дахин нэмэгдүүлсэнтэй тэнцэх хэмжээний төгрөгөөр, нэр дэвшигчийг нэг сарын хөдөлмөрийн хөлсний доод хэмжээг арваас арван тав дахин нэмэгдүүлсэнтэй тэнцэх хэмжээний төгрөгөөр тус тус торгоно.\r\n', NULL, 'МОНГОЛ УЛСЫН ИХ ХУРЛЫН СОНГУУЛИЙН ТУХАЙ', NULL),
(35, '38.1.Нам, эвсэл сонгуульд оролцохоо илэрхийлж Сонгуулийн ерөнхий хороонд бүртгүүлснээс хойш гурав хоногийн дотор тойрогт нэр дэвшигчдээс бусад нам, эвслээс нэр дэвшигчдийн сонгуулийн зардлын нэг дансыг банкинд нээлгэн, Сонгуулийн ерөнхий хороо болон Үндэсний аудитын газарт бичгээр мэдэгдэж, нийтэд зарлана.\r\n', NULL, 'МОНГОЛ УЛСЫН ИХ ХУРЛЫН СОНГУУЛИЙН ТУХАЙ', NULL),
(36, '38.2.Тойрогт нэр дэвшүүлсэн нам, эвсэл нь нэр дэвшигч тус бүр дээр, түүнчлэн бие даан нэр дэвшигч нь өөрийн сонгуулийн зардлын дансыг тойргийн хороонд бүртгүүлснээс хойш гурав хоногийн дотор банкинд нээлгэн, Сонгуулийн ерөнхий хороо болон Үндэсний аудитын газарт бичгээр мэдэгдэж, нийтэд зарлана.\r\n', NULL, 'МОНГОЛ УЛСЫН ИХ ХУРЛЫН СОНГУУЛИЙН ТУХАЙ', NULL),
(37, '38.2.Тойрогт нэр дэвшүүлсэн нам, эвсэл нь нэр дэвшигч тус бүр дээр, түүнчлэн бие даан нэр дэвшигч нь өөрийн сонгуулийн зардлын дансыг тойргийн хороонд бүртгүүлснээс хойш гурав хоногийн дотор банкинд нээлгэн, Сонгуулийн ерөнхий хороо болон Үндэсний аудитын газарт бичгээр мэдэгдэж, нийтэд зарлана.\r\n', NULL, 'МОНГОЛ УЛСЫН ИХ ХУРЛЫН СОНГУУЛИЙН ТУХАЙ', NULL),
(38, '38.3.Нам, эвслийн тойрогт нэр дэвшигчдээс нам, эвслээс бусад нэр дэвшигч нь энэ хуулийн 38.1-д зааснаас өөр данс, тойрогт нэр дэвшигч нь энэ хуулийн 38.2-т зааснаас өөр данс нээлгэхийг тус тус хориглоно.\r\n', '38.6.Энэ хуулийн 38.3-38.5-д заасныг зөрчсөн нэр дэвшигчийг нэг сарын хөдөлмөрийн хөлсний доод хэмжээг гурваас тав дахин нэмэгдүүлсэнтэй тэнцэх хэмжээний төгрөгөөр, ... тус тус торгох ба энэ хуулийн 38.1, 38.2-т заасан данснаас гадуур өгсөн, энэ хуулийн 38.3-т заасныг зөрчиж нээлгэсэн дансанд төвлөрүүлсэн хөрөнгийг хурааж, улсын орлого болгоно.\r\n', 'МОНГОЛ УЛСЫН ИХ ХУРЛЫН СОНГУУЛИЙН ТУХАЙ', NULL),
(39, '38.4.Энэ хуулийн 38.1, 38.2-т заасан дансанд нам, эвсэл, нэр дэвшигчийн өөрийн хөрөнгө, дэмжигч байгууллага, иргэдээс оруулсан хандивыг төвлөрүүлж, мөн дансаар дамжуулан зориулалтаар нь зарцуулна.\r\n', '38.6.Энэ хуулийн 38.3-38.5-д заасныг зөрчсөн нэр дэвшигчийг нэг сарын хөдөлмөрийн хөлсний доод хэмжээг гурваас тав дахин нэмэгдүүлсэнтэй тэнцэх хэмжээний төгрөгөөр, энэ хуулийн 38.4, 38.5-д заасныг зөрчсөн нам, эвслийг нэг сарын хөдөлмөрийн хөлсний доод хэмжээг таваас долоо дахин нэмэгдүүлсэнтэй тэнцэх хэмжээний төгрөгөөр тус тус торгох ба энэ хуулийн 38.1, 38.2-т заасан данснаас гадуур өгсөн, энэ хуулийн 38.3-т заасныг зөрчиж нээлгэсэн дансанд төвлөрүүлсэн хөрөнгийг хурааж, улсын орлого болгоно.\r\n', 'МОНГОЛ УЛСЫН ИХ ХУРЛЫН СОНГУУЛИЙН ТУХАЙ', NULL),
(40, '38.5.Энэ хуулийн 38.1, 38.2-т заасан дансанд төвлөрсөн хөрөнгийг нам, эвслийн сонгуулийн мөрийн хөтөлбөрийг тайлбарлан таниулах, нэр дэвшигчийг сурталчлах, сонгуулийн уулзалт, хурал, цуглаан зохион байгуулах, нэр дэвшигч, нам, эвслийн сонгууль эрхэлсэн байгууллага, түүний ажилтан, нэр дэвшигчийн шадар туслагчийн бичиг хэрэг, шуудан, холбоо, унааны болон албан томилолт, хөлс, урамшуулал зэрэг зардлыг санхүүжүүлэхэд зарцуулна.\r\n', '38.6.Энэ хуулийн 38.3-38.5-д заасныг зөрчсөн нэр дэвшигчийг нэг сарын хөдөлмөрийн хөлсний доод хэмжээг гурваас тав дахин нэмэгдүүлсэнтэй тэнцэх хэмжээний төгрөгөөр, энэ хуулийн 38.4, 38.5-д заасныг зөрчсөн нам, эвслийг нэг сарын хөдөлмөрийн хөлсний доод хэмжээг таваас долоо дахин нэмэгдүүлсэнтэй тэнцэх хэмжээний төгрөгөөр тус тус торгох ба энэ хуулийн 38.1, 38.2-т заасан данснаас гадуур өгсөн, энэ хуулийн 38.3-т заасныг зөрчиж нээлгэсэн дансанд төвлөрүүлсэн хөрөнгийг хурааж, улсын орлого болгоно.\r\n', 'МОНГОЛ УЛСЫН ИХ ХУРЛЫН СОНГУУЛИЙН ТУХАЙ', NULL),
(41, '38.6.Энэ хуулийн 38.3-38.5-д заасныг зөрчсөн нэр дэвшигчийг нэг сарын хөдөлмөрийн хөлсний доод хэмжээг гурваас тав дахин нэмэгдүүлсэнтэй тэнцэх хэмжээний төгрөгөөр, энэ хуулийн 38.4, 38.5-д заасныг зөрчсөн нам, эвслийг нэг сарын хөдөлмөрийн хөлсний доод хэмжээг таваас долоо дахин нэмэгдүүлсэнтэй тэнцэх хэмжээний төгрөгөөр тус тус торгох ба энэ хуулийн 38.1, 38.2-т заасан данснаас гадуур өгсөн, энэ хуулийн 38.3-т заасныг зөрчиж нээлгэсэн дансанд төвлөрүүлсэн хөрөнгийг хурааж, улсын орлого болгоно.\r\n', NULL, 'МОНГОЛ УЛСЫН ИХ ХУРЛЫН СОНГУУЛИЙН ТУХАЙ', NULL),
(42, '38.7.Энэ хуулийн 38.3, 38.4-т заасныг зөрчсөн нь нэр дэвшигчийг нэрийн жагсаалтаас хасах үндэслэл болно\r\n', NULL, 'МОНГОЛ УЛСЫН ИХ ХУРЛЫН СОНГУУЛИЙН ТУХАЙ', NULL),
(43, '39.1.Нам, эвсэл, нэр дэвшигчид өгөх хандивын дээд хэмжээ хувь хүнээс нэг сая төгрөг хүртэл, хуулийн этгээдээс гурван сая төгрөг хүртэл байж болно.\r\n', '39.11.Энэ хуулийн 39.1-д заасан хэмжээнээс илүү гарсан, түүнчлэн энэ хуулийн 39.7-д заасан этгээдээс авсан хандивыг хурааж, улсын орлого болгоно.\r\n', 'МОНГОЛ УЛСЫН ИХ ХУРЛЫН СОНГУУЛИЙН ТУХАЙ', NULL),
(44, '39.2.Энэ хуулийн 39.1-д заасан хандивын хэмжээг энэ хуулийн 38.1, 38.2-т заасан дансанд төвлөрүүлсэн хөрөнгийн нийлбэрээр тооцно.\r\n', NULL, 'МОНГОЛ УЛСЫН ИХ ХУРЛЫН СОНГУУЛИЙН ТУХАЙ', NULL),
(45, '39.3.Хуулийн этгээдээс хандив өгөх тухай шийдвэрийг түүний эрх бүхий байгууллага гаргана.\r\n', NULL, 'МОНГОЛ УЛСЫН ИХ ХУРЛЫН СОНГУУЛИЙН ТУХАЙ', NULL),
(46, ' 39.4.Мөнгөн хандивыг зөвхөн энэ хуулийн 38.1, 38.2-т заасан дансаар дамжуулж өгнө.\r\n', NULL, 'МОНГОЛ УЛСЫН ИХ ХУРЛЫН СОНГУУЛИЙН ТУХАЙ', NULL),
(47, '39.5.Хандивыг мөнгөн бус хэлбэрээр өгвөл түүнийг мөнгөн хэлбэрт шилжүүлэн үнэлж, энэ хуулийн 39.1-д заасан хандивын дүнд оруулан тооцно.\r\n', NULL, 'МОНГОЛ УЛСЫН ИХ ХУРЛЫН СОНГУУЛИЙН ТУХАЙ', NULL),
(48, '39.6.Нам, эвсэл, бие даан нэр дэвшигч нь сонгуулийн хандивын хэмжээ, хэлбэрийг сонгуулийн зардлын тайланд тусгана.\r\n', NULL, 'МОНГОЛ УЛСЫН ИХ ХУРЛЫН СОНГУУЛИЙН ТУХАЙ', NULL),
(49, '39.7.Дараах этгээдээс хандив авахыг хориглоно: 39.7.1.гадаад улс буюу гадаадын байгууллага /хамтарсан байгууллагын гадаадын оролцогч/;39.7.2.олон улсын байгууллага; 39.7.3.төрийн болон нутгийн өөрөө удирдах байгууллага; 39.7.4.гадаад улсын иргэн; 39.7.5.харьяалалгүй хүн; 39.7.6.сонгууль товлон зарласан өдөр арван найман нас хүрээгүй Монгол Улсын иргэн; 39.7.7.төрийн болон орон нутгийн өмчит, төрийн болон орон нутгийн өмчийн оролцоотой хуулийн этгээд; 39.7.8.шүүхийн шийдвэрээр тогтоогдсон албан татварын өр төлбөртэй, дампуурсан, банкны хугацаа хэтэрсэн зээлийн өртэй хуулийн этгээд; 39.7.9.Yйлдвэрчний эвлэл, шашны болон бусад төрийн бус байгууллага; 39.7.10.байгуулагдаад нэг жил болоогүй хуулийн этгээд.\r\n', '39.11.Энэ хуулийн 39.1-д заасан хэмжээнээс илүү гарсан, түүнчлэн энэ хуулийн 39.7-д заасан этгээдээс авсан хандивыг хурааж, улсын орлого болгоно.              39.12.Энэ хуулийн 39.7-д заасан этгээдээс хандив авч зарцуулсан нь нэр дэвшигчийг нэрийн жагсаалтаас хасах үндэслэл болно.\r\n', 'МОНГОЛ УЛСЫН ИХ ХУРЛЫН СОНГУУЛИЙН ТУХАЙ', NULL),
(50, '39.8.Сонгууль зохион байгуулах хугацаанд гадаад, дотоодын тусламжийн эд хөрөнгийг иргэдэд тараах, худалдан борлуулж сонгуульд зарцуулахыг хориглоно.\r\n', NULL, 'МОНГОЛ УЛСЫН ИХ ХУРЛЫН СОНГУУЛИЙН ТУХАЙ', NULL),
(51, '39.9.Сонгуулийн жил зөвхөн сонгуулийн үйл ажиллагаанд зориулж хандив өгөх бөгөөд энэ тохиолдолд Улс төрийн намын тухай хуулийн 18.3-т заасан хандивыг нам, эвсэлд давхардуулан өгөхийг хориглоно.\r\n', NULL, 'МОНГОЛ УЛСЫН ИХ ХУРЛЫН СОНГУУЛИЙН ТУХАЙ', NULL),
(52, '39.10.Энэ хуулийн 39.1, 39.3, 39.4, 39.9-д заасныг зөрчсөн иргэнийг нэг сарын хөдөлмөрийн хөлсний доод хэмжээг гурваас тав дахин нэмэгдүүлсэнтэй тэнцэх хэмжээний төгрөгөөр, хуулийн этгээдийг нэг сарын хөдөлмөрийн хөлсний доод хэмжээг таваас долоо дахин нэмэгдүүлсэнтэй тэнцэх хэмжээний төгрөгөөр, энэ хуулийн 39.6-39.8-д заасныг зөрчсөн нам, эвслийг нэг сарын хөдөлмөрийн хөлсний доод хэмжээг таваас долоо дахин нэмэгдүүлсэнтэй тэнцэх хэмжээний төгрөгөөр, энэ хуулийн 39.6-д заасныг зөрчсөн бие даан нэр дэвшигчийг нэг сарын хөдөлмөрийн хөлсний доод хэмжээг гурваас тав дахин нэмэгдүүлсэнтэй тэнцэх хэмжээний төгрөгөөр, энэ хуулийн 39.7.3, 39.7.7-39.7.10-т заасныг зөрчсөн хуулийн этгээдийг нэг сарын хөдөлмөрийн хөлсний доод хэмжээг таваас долоо дахин нэмэгдүүлсэнтэй тэнцэх хэмжээний төгрөгөөр, албан тушаалтныг нэг сарын хөдөлмөрийн хөлсний доод хэмжээг гурваас тав дахин нэмэгдүүлсэнтэй тэнцэх хэмжээний төгрөгөөр, энэ хуулийн 39.8-д заасныг зөрчсөн нэр дэвшигч, нам, эвслийн сонгууль эрхэлсэн байгууллагын ажилтан, нэр дэвшигчийн шадар туслагч, ухуулагчийг нэг сарын хөдөлмөрийн хөлсний доод хэмжээг гурваас тав дахин нэмэгдүүлсэнтэй тэнцэх хэмжээний төгрөгөөр тус тус торгоно.\r\n', NULL, 'МОНГОЛ УЛСЫН ИХ ХУРЛЫН СОНГУУЛИЙН ТУХАЙ', NULL),
(53, '39.11.Энэ хуулийн 39.1-д заасан хэмжээнээс илүү гарсан, түүнчлэн энэ хуулийн 39.7-д заасан этгээдээс авсан хандивыг хурааж, улсын орлого болгоно.\r\n', NULL, 'МОНГОЛ УЛСЫН ИХ ХУРЛЫН СОНГУУЛИЙН ТУХАЙ', NULL),
(54, '39.12.Энэ хуулийн 39.7-д заасан этгээдээс хандив авч зарцуулсан нь нэр дэвшигчийг нэрийн жагсаалтаас хасах үндэслэл болно.\r\n', NULL, 'МОНГОЛ УЛСЫН ИХ ХУРЛЫН СОНГУУЛИЙН ТУХАЙ', NULL),
(55, '40.1.Сонгуулийн зардлын дансанд мөнгөн хөрөнгийг төвлөрүүлэх, түүнийг зарцуулсан тухай тайлангийн загвар болон данс нээх, хаах, бүртгэл, тайланг хөтлөх журмыг Сонгуулийн ерөнхий хороо Монголбанктай хамтран батална.\r\n', NULL, 'МОНГОЛ УЛСЫН ИХ ХУРЛЫН СОНГУУЛИЙН ТУХАЙ', NULL),
(56, '40.2.Нам, эвслээс нэр дэвшигч нь санал хураалт дууссан өдрөөс хойш 15 хоногт багтаан өөрийн сонгуулийн зардлын тайлангаа нам, эвсэлдээ гаргаж өгөх бөгөөд нам, эвсэл болон бие даан нэр дэвшигч нь сонгуулийн зардлын тайланг санал хурааж дууссан өдрөөс хойш нэг сарын дотор гаргаж, Сонгуулийн ерөнхий хороонд ирүүлнэ.\r\n', '40.8.Энэ хуулийн 40.2-40.4-т заасныг зөрчсөн нам, эвслийг нэг сарын хөдөлмөрийн хөлсний доод хэмжээг таваас долоо дахин нэмэгдүүлсэнтэй тэнцэх хэмжээний төгрөгөөр, нэр дэвшигчийг нэг сарын хөдөлмөрийн хөлсний доод хэмжээг хоёроос дөрөв дахин нэмэгдүүлсэнтэй тэнцэх хэмжээний төгрөгөөр, ... тус тус торгоно.\r\n', 'МОНГОЛ УЛСЫН ИХ ХУРЛЫН СОНГУУЛИЙН ТУХАЙ', NULL),
(57, '40.3.Нам, эвсэл, бие даан нэр дэвшигч энэ хуулийн 40.2-т заасан сонгуулийн зардлын тайлан /цаашид “зардлын тайлан” гэх/-д аудит хийлгэж, дүгнэлт гаргуулсан байна.\r\n', '40.8.Энэ хуулийн 40.2-40.4-т заасныг зөрчсөн нам, эвслийг нэг сарын хөдөлмөрийн хөлсний доод хэмжээг таваас долоо дахин нэмэгдүүлсэнтэй тэнцэх хэмжээний төгрөгөөр, нэр дэвшигчийг нэг сарын хөдөлмөрийн хөлсний доод хэмжээг хоёроос дөрөв дахин нэмэгдүүлсэнтэй тэнцэх хэмжээний төгрөгөөр, ... тус тус торгоно.\r\n', 'МОНГОЛ УЛСЫН ИХ ХУРЛЫН СОНГУУЛИЙН ТУХАЙ', NULL),
(58, '40.4.Зардлын тайланг дараах үзүүлэлтээр гаргана: 40.4.1.энэ хуулийн 38.1, 38.2-т заасан дансанд төвлөрүүлсэн орлого, нийт хандивын хэмжээ;40.4.2.энэ хуулийн 40.4.1-д заасан орлогын эх үүсвэр, түүний дотор хандивын төрөл, хэмжээ; 40.4.3.хандивлагч иргэний эцэг /эх/-ийн нэр, өөрийн нэр, оршин суугаа газрын хаяг, хандивын хэмжээ, хэлбэр; 40.4.4.хандивлагч хуулийн этгээдийн нэр, оршин байгаа газрын хаяг, гүйцэтгэх захирлын эцэг /эх/-ийн нэр, өөрийн нэр, хандивын хэмжээ, хэлбэр; 40.4.5.зарлагын ангилал, гүйцэтгэл; 40.4.6.үлдэгдлийн хэмжээ, байршил.\r\n', '40.8.Энэ хуулийн 40.2-40.4-т заасныг зөрчсөн нам, эвслийг нэг сарын хөдөлмөрийн хөлсний доод хэмжээг таваас долоо дахин нэмэгдүүлсэнтэй тэнцэх хэмжээний төгрөгөөр, нэр дэвшигчийг нэг сарын хөдөлмөрийн хөлсний доод хэмжээг хоёроос дөрөв дахин нэмэгдүүлсэнтэй тэнцэх хэмжээний төгрөгөөр, ... тус тус торгоно.\r\n', 'МОНГОЛ УЛСЫН ИХ ХУРЛЫН СОНГУУЛИЙН ТУХАЙ', NULL),
(59, '40.5.Нам, эвсэл, бие даан нэр дэвшигчийн сонгуулийн зардлын данс байршуулсан банкны захирал нь уг дансны бүх гүйлгээг нэгтгэсэн тайлан гаргаж, энэ хуулийн 40.2-т заасан хугацаанд Сонгуулийн ерөнхий хороонд ирүүлнэ.\r\n', '40.8.Энэ хуулийн ... 40.5-д заасныг зөрчсөн банкны захирлыг нэг сарын хөдөлмөрийн хөлсний доод хэмжээг гурваас тав дахин нэмэгдүүлсэнтэй тэнцэх хэмжээний төгрөгөөр тус тус торгоно.\r\n', 'МОНГОЛ УЛСЫН ИХ ХУРЛЫН СОНГУУЛИЙН ТУХАЙ', NULL),
(60, '40.6.Сонгуулийн ерөнхий хороо зардлын тайланг хянаж, санал хураалт дууссан өдрөөс хойш 45 хоногийн дотор дүнг нийтэд мэдээлэх ба хоёр зуун мянга, түүнээс дээш төгрөгийн хандив өгсөн иргэн, таван зуун мянга, түүнээс дээш төгрөгийн хандив өгсөн хуулийн этгээдийг нийтэд зарлана.\r\n', NULL, 'МОНГОЛ УЛСЫН ИХ ХУРЛЫН СОНГУУЛИЙН ТУХАЙ', NULL),
(61, '40.7.Сонгуулийн ерөнхий хороо шаардлагатай гэж үзвэл нам, эвсэл, нэр дэвшигчийн сонгуулийн зардлын санхүүжилт, түүний гүйцэтгэлийг төрийн аудитын байгууллагаар шалгуулж, дүгнэлт гаргуулна.\r\n', NULL, 'МОНГОЛ УЛСЫН ИХ ХУРЛЫН СОНГУУЛИЙН ТУХАЙ', NULL),
(62, '40.8.Энэ хуулийн 40.2-40.4-т заасныг зөрчсөн нам, эвслийг нэг сарын хөдөлмөрийн хөлсний доод хэмжээг таваас долоо дахин нэмэгдүүлсэнтэй тэнцэх хэмжээний төгрөгөөр, нэр дэвшигчийг нэг сарын хөдөлмөрийн хөлсний доод хэмжээг хоёроос дөрөв дахин нэмэгдүүлсэнтэй тэнцэх хэмжээний төгрөгөөр, энэ хуулийн 40.5-д заасныг зөрчсөн банкны захирлыг нэг сарын хөдөлмөрийн хөлсний доод хэмжээг гурваас тав дахин нэмэгдүүлсэнтэй тэнцэх хэмжээний төгрөгөөр тус тус торгоно.\r\n', NULL, 'МОНГОЛ УЛСЫН ИХ ХУРЛЫН СОНГУУЛИЙН ТУХАЙ', NULL),
(63, '"7 дугаар зүйл. Санхүүгийн тайлангаа баталгаажуулах байгууллага\r\n1. Дараахь аж ахуйн нэгж, байгууллага санхүүгийн тайлангаа аудитын байгууллагаар заавал баталгаажуулна: 10/ улс төрийн нам"\r\n', NULL, 'АУДИТЫН ТУХАЙ', NULL);

-- --------------------------------------------------------

--
-- Table structure for table `outcome`
--

CREATE TABLE IF NOT EXISTS `outcome` (
  `id` int(100) NOT NULL AUTO_INCREMENT,
  `presentation` double DEFAULT NULL,
  `advertisement` double DEFAULT NULL,
  `management` double DEFAULT NULL,
  `employee_salary` double DEFAULT NULL,
  `chancery` double DEFAULT NULL,
  `mail_and_shipping` double DEFAULT NULL,
  `transportation` double DEFAULT NULL,
  `assignment` double DEFAULT NULL,
  `other` double DEFAULT NULL,
  `total` double NOT NULL,
  PRIMARY KEY (`id`),
  KEY `id` (`id`)
) ENGINE=InnoDB  DEFAULT CHARSET=utf8 COLLATE=utf8_bin AUTO_INCREMENT=48 ;

--
-- Dumping data for table `outcome`
--

INSERT INTO `outcome` (`id`, `presentation`, `advertisement`, `management`, `employee_salary`, `chancery`, `mail_and_shipping`, `transportation`, `assignment`, `other`, `total`) VALUES
(1, 20846.3, 0, 0, 1000, 0, 1762.5, 6150, 0, 819, 30578.1),
(2, 70, 1762.94, 0, 2366.46, 0, 85, 140, 75.6, 0, 4500),
(3, 96078.78, 96337.308, 1213, 6045.15, 1735.44, 601.765, 310, 382, 2102.8, 204806.243),
(4, 2432000, 1335181.5, 608000, 486400, 182400, 121600, 547200, 304000, 182400, 6199181.5),
(5, 1174, 240, 80, 0, 194.6, 26.7, 0, 0, 0, 1715.3),
(6, 699373, 233121.4, 0, 0, 0, 1544, 0, 0, 6550, 940591.4),
(7, 143680.2, 134489.9, 20308.6, 108220.9, 9065.8, 4943.3, 43760.8, 2268.3, 28416.5, 495154.3),
(8, 0, 9482.7, 0, 11262.6, 0, 6909.7, 0, 3220, 0, 30875),
(9, 1025, 1700, 525, 4550, 325, 0, 1875, 0, 1500, 11500),
(10, 0, 18254.5, 0, 5608, 0, 0, 0, 0, 0, 23862.5),
(11, 0, 11049, 376.4, 5428.82, 84.96, 165.92, 1604.8, 0, 0, 18709.9),
(12, 18100, 550, 600, 5050, 150, 375, 1105, 500, 0, 26430),
(13, 0, 42267.52598, 0, 14186.6, 1219.05, 1131.62, 30245.563, 9008.31, 5201.331, 103620),
(14, 0, 1196917.9, 46177.1, 305728.8, 19931.1, 22180, 249453.7, 58907.8, 92876.8, 1992173.2),
(15, 0, 1329099.4, 78240, 1135707.3, 130382.6, 2537.6, 85111.4, 28941.5, 163382.7, 2953402.5),
(16, 4584.8, 21406.4, 43, 0, 400, 349.1, 547.2, 0, 3004, 30334.5),
(17, 0, 83029.6, 6042.5, 0, 0, 0, 2566, 0, 60326.9, 151965),
(18, 2081114.9, 1488452.5, 293824.4, 158206.7, 47652.6, 21770.8, 87587.1, 57113.3, 134865.4, 4364587.7),
(19, 1996855.3, 3776357.3, 455680.5, 2124458.8, 66470.4, 181326.9, 906061, 233737.3, 146911.8, 9887859.3),
(20, 911494.8, 162625, 4500, 0, 55, 3777.5, 36504, 242.8, 111597.4, 930796.5),
(21, 8995, 185043.3, 989.9, 38538.2, 2202.5, 1645, 91593.9, 0, 30149.5, 359157.3),
(22, 96161, 0, 0, 24477.8, 1768.5, 786.1, 22870, 2160, 2776.6, 151000),
(23, 36150, 40861, 6800, 22760, 1270, 800, 20800, 5260, 12510, 147211),
(24, 0, 3765922.3, 1165.42, 0, 52, 0, 0, 0, 5291.9, 4936308.3),
(25, 2108350.2, 4289802.2, 419436.1, 2509354.5, 93709.2, 192962.2, 1000397.5, 340456.3, 250351.9, 11204820.1),
(26, 491967.3, 956489.4, 96548.5, 849967.1, 24203.8, 21957.2, 220937.9, 87856, 284649.1, 3034576.3),
(27, 511, 12928.5, 1678, 2040, 120, 66, 126.2, 1200, 145.05, 18814.75),
(28, 13302.1, 28503.8, 5294, 7249, 2875, 1783.6, 16968.5, 1739, 5635.4, 83350.4),
(29, 65596, 0, 0, 0, 0, 0, 0, 0, 0, 65596),
(30, 17850, 124086.6, 2111.3, 14465, 1486.9, 1512, 116806.6, 30808.9, 4077.2, 313204.5),
(31, 400, 46525, 0, 0, 223.8, 0, 0, 0, 1326.2, 48475),
(32, 19744, 41130.3, 355, 27425.1, 1537.4, 857.6, 27979.8, 1631.3, 194.3, 120854.8),
(33, 50290.8, 10858.7, 1831.5, 14510, 50.5, 47870.4, 42987, 8000, 15943.7, 192342.6),
(34, 450, 1000, 250, 0, 150, 20, 820, 0, 214.5, 2904.5),
(35, 0, 114120.2, 150, 34650, 341.7, 2660, 39963.5, 930.1, 23837, 216652.5),
(36, 0, 113805.7, 29970.3, 45000, 11136.1, 1773.5, 15081.6, 0, 0, 216767.2),
(37, 0, 57322.5, 3957.3, 124338, 1086.4, 3129, 8000, 330, 154.8, 198318),
(38, 0, 88988.8, 1900, 61180, 1249.2, 1411.2, 35512.3, 39659.1, 95, 229995.6),
(39, 2339, 2340, 754.8, 738.7, 21.1, 82.6, 115, 0, 106.3, 6497.5),
(40, 840, 1460.6, 550, 1870, 13, 30, 758.5, 0, 467.9, 5990),
(41, 3598.6, 1270, 550, 495, 26, 30, 433.6, 0, 1177.6, 7580.8),
(42, 0, 7000, 1195, 27493.9, 12970.8, 0, 28684, 0, 2657.5, 80001.2),
(43, 0, 73877.7, 5111, 0, 504.1, 1981.5, 20869.2, 109152.2, 6477.4, 217973.1),
(44, 0, 0, 0, 0, 415.1, 135, 199.3, 0, 43.5, 792.9),
(45, 667370, 1454689.3, 136386.6, 2566.2, 14780.9, 888, 631042.6, 122492.7, 3601914, 6632130.3),
(46, 1227062.1, 2485100.5, 270723, 39968.7, 1339.5, 292387.1, 453825.6, 34618.8, 263647.2, 5068672.5),
(47, 170210.4, 220934.4, 46099.8, 2406.2, 2761.1, 0, 16237.6, 48481.5, 308640, 815771);

-- --------------------------------------------------------

--
-- Table structure for table `party`
--

CREATE TABLE IF NOT EXISTS `party` (
  `id` int(100) NOT NULL AUTO_INCREMENT,
  `code` varchar(20) COLLATE utf8_bin NOT NULL,
  `title` varchar(100) COLLATE utf8_bin NOT NULL,
  `acronym` varchar(50) COLLATE utf8_bin DEFAULT NULL,
  `register_num` int(20) NOT NULL,
  `burtgel_num` bigint(255) NOT NULL,
  `leader` varchar(150) COLLATE utf8_bin NOT NULL,
  `address` text COLLATE utf8_bin NOT NULL,
  `phone` varchar(255) COLLATE utf8_bin NOT NULL,
  `fax` varchar(150) COLLATE utf8_bin NOT NULL,
  `email` varchar(255) COLLATE utf8_bin NOT NULL,
  `website` varchar(255) COLLATE utf8_bin NOT NULL,
  `founding_doc` text COLLATE utf8_bin NOT NULL,
  `founded_in` text COLLATE utf8_bin NOT NULL,
  `court_registered_in` text COLLATE utf8_bin NOT NULL,
  `burtgel_certificate_date` varchar(255) COLLATE utf8_bin NOT NULL,
  `direction` varchar(255) COLLATE utf8_bin NOT NULL,
  `member_count` int(255) NOT NULL,
  `logo_url` varchar(255) COLLATE utf8_bin NOT NULL,
  PRIMARY KEY (`id`),
  KEY `id` (`id`)
) ENGINE=InnoDB  DEFAULT CHARSET=utf8 COLLATE=utf8_bin AUTO_INCREMENT=23 ;

--
-- Dumping data for table `party`
--

INSERT INTO `party` (`id`, `code`, `title`, `acronym`, `register_num`, `burtgel_num`, `leader`, `address`, `phone`, `fax`, `email`, `website`, `founding_doc`, `founded_in`, `court_registered_in`, `burtgel_certificate_date`, `direction`, `member_count`, `logo_url`) VALUES
(1, 'P1', 'Монгол Ардын нам', 'МАН', 8488908, 8082001001, 'М.Энхболд', 'Монгол Ардын Намын төв байр\r\nТусгаар тогтнолын ордон УБ', '1800-1921', '976 7744-4158', 'contact@nam.mn', 'www.nam.mn', '1.Монгол Ардын хувьсгалт намын дүрэм /УДШ-ийн 1990.05.16.01 тогтоолоор бүртгэсэн/\r\n2.МАХН-ын XXI их хурлаас баталсан дүрэм /1992.03.25.04-ийн өдрйин УДШ-ийн тогтоол бүртгэсэн/\r\n3.1992.11.30.127 МАХН-ын нэмэлт, өөрчлөлт оруулсан дүрэм бүртгүүлэх /1992.12.04.13 тогтоолоор бүртгэсэн/\r\n1997.03.16. МАХН-ын дүрэмд өөрчлөлт оруулах тухай 1997.04.01.01 УДШ-ийн тогтоолоор бүртгэсэн/\r\n2001.03.02.11 дүгээр тогтоолоор МАХН-ын дүрэмд нэмэлт өөрчлөлт оруулах тухай /УДШ-ийн 2001.11.30.03-р тогтоолоор бүртгэсэн/\r\n2005.03.30.04-р тогтоолоор МАХН-ын дүрэмд өөрчлөлт оруулах тухай /УДШ-ийн 2005.04.27.07-р тогтоол бүртгэсэн/\r\n2005.06.18-ны өдөр МАХН-ны дүрэмийг бүхэлд нь шинэчлэн найруулсныг баталсан /УДШ-ийн 2005.11.29.11-р тогтоолоор бүртгэсэн/\r\n2005.12.13-ны 10 дугаар МАХН-ын бага хурлын тогтоолоор дүрмийн зарим заалтад өөрчлөлт оруулах тухай /УДШ-ийн 2006.01.12.01-р тогтоолоор бүртгэсэн/\r\n2007.10.25.10-р МАХН-ын XXV их хурлын тогтоолоор МАХН-ын дүрэм баталсан /УДШ-инй 2007.11.16.07-р тогтоолоор бүртгэсэн/\r\n2010.11.05-ын өдрийн 06-р тогтоолоор МАХН-ын XXVI Их хурлын тогтоолоор намын нэрийг өөрчлөх тухай, 2010.11.05-ны өдрийн 13-р тогтоолоор дүрмийн нэмэлт, өөрчлөлтийг батлах тухай /УДШ-ийн 2010.11.12.02-р тогтоолоор бүртгэсэн/\r\nМонгол Ардын Намын Бага хурлын 2014.11.29-ний өдрийн 06 дугаар тогтоолоор намын дүрмийн нэмэлт өөрчлөлтийг батлах тухай /УДШ-ийн 2014.12.26-ны өдрийн 01 дүгээр тогтоолоор бүртгэсэн/', '1921.03.01', 'Улсын Дээд шүүхийн 1990 оны 05 дугаар сарын 16-ны өдрийн 01 дүгээр тогтоолоор бүртгүүлсэн байна', '2006.07.10,2010.11.12', 'Улс төрийн, О/Н/Өмчийн', 161300, 'MAN_logo.jpg'),
(2, 'P2', 'Ардчилсан нам', 'АН', 8488916, 8082001002, 'З.Энхболд', 'Улаанбаатар хот, Сүхбаатар дүүрэг, 1-р хороо Чингисийн өргөн чөлөө\r\nАрдчилсан намын төв байр.', '1800-1206,320355', '11-318210', 'info@demparty.mn,press@demparty.mn', 'www.demparty.mn', '2000.12.06.02 Ардчиллын төлөө намуудын нэгдэх Их хурлын тогтоолоор Ардчилсан намын үндсэн дүрмийг баталсан /УДШ-ийн 2000.12.26.07-р тогтоолоор бүртгэсэн/\r\n2005.03.04.07-р Үндэсний зөвлөлдөх хорооны ээлжит бус хурлын тогтоолоор намын дүрэмд оруулсан нэмэлт өөрчлөлтүүд баталсан /УДШ-ийн 2005.03.30-ны 03 дугаар тогтоолоор бүртгэсэн/\r\n2005.03.31-ний өдрийн Намын II Их хурал- Үндэсний Чуулганаар ёсчлон баталсан /УДШ-ийн 2005.04.20.05-р тогтоолоор бүртгэсэн/\r\n2006.03.31.04-р Ардчилсан намын Үндэсний чуулганы хурлын тогтоолоор үндсэн дүрмийн шинэчилсэн найруулгыг батлах тухай /УДШ-ийн 2006.05.02.03-р тогтоолоор бүртэгсэн/\r\nҮндэсний зөвлөлдөх хорооны XXXIV хурлын 2011.03.09.05-р тогтоолоор үндсэн дүрэм ба журамд өөрчлөлт оруулах тухай /УДШ-ийн 2011.04.11.04-р тогтоолоор бүртгэсэн/', '2000.12.06\r\nМҮАН, МСДН, МШАН, МАСМН, МоАН-ууд нийлсэн, МСДН-ийн улсын бүртгэлийн дугаарт бүртгэсэн', 'Улсын Дээд шүүхийн 2000 оны 12 дугаар сарын 26-ны өдрийн 07 дугаар тогтоолоор "Ардчилсан нам"-ын хүсэлтээр улсын бүртгэлд бүртгэхдээ МСДН-ыг улсын бүртгэлд анх бүртгүүлсэн дугаараар тооцсон байна. /1990.05.25/', '2006.07.10', 'Улс төрийн, О/Н/Өмчийн', 150000, 'AN_logo2.jpg'),
(3, 'P3', 'Монголын Ногоон нам', 'МНН', 8488924, 8082001003, 'О.Бумялагч', 'Улаанбаатар, Сүхбаатар дүүрэг, Элит офис 205 тоот', '70110680,  99114854', '70110680', 'mongolia.greenparty@gmail.com, info@nogoonton.com', 'http://www.mongoliangreenparty.mn/', '1990.05.13-ны өдрийн Монголын Ногоон намыг зохион байгуулах хурлаар Монголын Ногоон намын дүрмийг баталсан /УДШ-ийн 1990.05.26.06-р тогтоолоор бүртгэсэн/\r\n1990.11.25.-ны өдрийн МНН-ын анхдугаар их хурлаар баталсан. /УДШ-ийн 1991.06.30.04-р тогтоолоор бүртгэсэн/\r\n1993.03.04-ний өдрийн МНН-ын IIIхурлаар МНН-ын дүрэм баталсан\r\n2007.04.20-ны өдрийн МНН-ын V Их хурлын тогтоолоор дүрмийг шинэчлэн баталсан. /УДШ-ийн 2007.05.30.03-р тогтоолоор бүртгэсэн/\r\n2007.11.03-ны өдрийн МНН-ын 6-р Их хурлын 04-р тогтоолоор намын дүрмийг баталсан. /УДШ-ийн 2007.12.19.08-р тогтоолоор бүртгэсэн.\r\n2008.04.19-ний өдрийн МНН-ын 7-р Их хурлын 05-р тогтоолоор дүрэмд нэмэлт өөрчлөлт оруулах тухай /УДШ-ийн 2008.05.01.05-р тогтоолоор бүртгэсэн/\r\n2011.08.28-ын МНН-ын ээлжит их хурлын 07-р тогтоолоор дүрэмд нэмэлт өөрчлөлт оруулах /УДШ-ийн 2011.10.14.12-р тогтоолоор бүртгэсэн/', '1990.05.13 \r\n2007.5.30-ны өдрийн 3 дугаар тогтоолоор намын мөрийн хөтөлбөр, шинэчилэн найруулсан намын дүрмийг, 2007.12.19-ний өдрийн 08 дугаар тогтоолоор намын дүрэмд оруулсан нэмэлт, өөрчлөлтийг улсын бүртгэлд тус тус бүртгэсэн.', 'Улсын Дээд шүүхийн 1990 оны 05 дугаар сарын 26-ны өдрийн 06 дугаар тогтоолоор бүртгүүлсэн байна.', '2006-07-01', '', 2100, 'MNN_logo.jpg'),
(4, 'P4', 'Иргэний зориг ногоон нам', 'ИЗНН', 8488932, 8082001004, 'С.Оюун,С.Дэмбэрэл,Ц.Ганхуяг', 'Иргэний Зориг Ногоон Намын Хэрэг Эрхлэх Газар 15141 Улаанбаатар хот, Чингэлтэй дүүрэг Эрх чөлөөний талбай, ш/х – 90 Оранж Плаза, 606 тоот', '319006,314560,99114264,99113264,99297328', '976–11–319006', 'zorigsan@hotmail.mn8,ganbat@civilgreen.mn,enkhtuya@civilgreen.mn,info@civilgreen.mn', 'http://www.civilwillgreen.mn/', '2000.03.09-ний 07 дугаар тогтоолоор Намын дүрмийг батлах тухай /УДШ-ийн 2000.03.23-ны өдрийн 04 дүгээр тогтоолоор бүртгэсэн/\r\n2000.12.20-ны өдрийн 08 дугаар тогтоолоор Иргэний Зориг намын үндэсний хорооны ээлжит бус хоёрдугаар хурлын тогтоолоор дүрэмд өөрчлөлт оруулах тухай /УДШ-ийн 2001.05.04-ний өдрийн 02 дугаар тогтоолоор бүртгэсэн/ \r\n2002.03.01-ний өдрийн 1/01 Иргэний Зориг-Бүгд Найрамдах намтай холбогдох зарим шийдвэрүүдийг намын бүртгэлд оруулах талаар өргөдөл гаргах тухай, Иргэний Зориг-Бүгд Найрамдах намын үндэсний хорооны ээлжит 1 хурлын тогтоол №3 намын дүрэмд оруулах нэмэлт, өөрчлөлтийг оруулах /УДШ-ийн 2002.03.22.01-р тогтоолоор Иргэний Зориг-Бүгд Найрамдах нам гэж өөрчилж, дүрмийг бүртгэсэн/\r\n2005.03.31.05-р Иргэний Зориг-Бүгд Найрамдах намын Үндэсний хорооны ээлжит бус хурлын тогтоолоор намын дүрэмд нэмэлт, өөрчлөлт оруулах тухай \r\n/УДШ-ийн 2005.04.27.09-р тогтоолоор бүртгэсэн/ \r\n2006.01.15-ний №01/02 Иргэний Зориг-Бүгд найрамдах намын  намын нэрийг нэрийг өөрчилж Иргэний Зориг нам гэж өөрчлөх тухай /УДШ-ийн 2006.03.23.02-р тогтоолоор бүртгэсэн /\r\n2007.03.24.08-р Иргэний Зориг намын Үндэсний хорооны ээлжит хурлын тогтоолоор намын дүрэмд нэмэлт өөрчлөлт оруулах тухай /УДШ-ийн 2007.05.30-ны өдрийн 02-р тогтоолоор бүртгэсэн/\r\nИргэний Зориг намын үндэсний хорооны ээлжит хурлын 2008.05.10.05-р тогтоолоор намын дүрэмд нэмэлт, өөрчлөлт оруулах тухай /УДШ-ийн 2008.05.23-ны 06-р тогтоолоор бүртгэсэн/ \r\nИргэний Зориг намын 2012.01.28-ны өдрийн №08, №10 дугаар тогтоолуудаар намын нэрийг өөрчлөх, намын дүрэм батлах тухай /УДШ-ийн 2012.03.12.02-р тогтоолоор бүртгэсэн/\r\nИргэний Зориг Ногоон Намын Үндэсний хорооны 2015 оны 01 дүгээр сарын 31-ний өдрийн хурлаар намын дүрэмд нэмэлт, өөрчлөлт оруулах тухай /УДШ-ийн 2015.03.13-ны өдрийн 04-р тогтоолоор бүртгэсэн/\r\n', 'УДШ-ийн 2002 оны 03 дугаар сарын 22-ны өдрийн 01 дүгээр тогтоолоор Иргэний Зориг-Бүгд Найрамдах намыг бүртгэхдээ улсын бүртгэлд анх бүртгүүлсэн дугаараар 1992.04.07-ны өдрөө тооцсон байна.\r\n2000.03.09', 'Иргэний Зориг, Бүгд Найрамдах намууд нийлсэн, БНН-ын улсын бүртгэлийн дугаарт бүртгүүлсэн.\r\nТус намын нэрийг Улсын Дээд шүүхийн иргэний хэргийн шүүх хуралдааны 2006.3.23-ны өдрийн 02 дугаар тогтоолоор “Иргэний Зориг Нам” болгон өөрчлөв.\r\nУлсын Дээд шүүхийн иргэний хэргийн шүүх хуралдааны 2012.03.12-ны өдрийн 02 дугаар тогтоолоор “Иргэний Зориг Ногоон Нам” болгон өөрчлөв', '2006-07-10,2012-03-12', '', 35000, 'IZNN_logo.jpg'),
(5, 'P5', 'Монголын Уламжлалын Нэгдсэн нам', 'МУНН', 8488959, 8082001005, 'Б.Батболд', 'Улаанбаатар, Сүхбаатар дүүрэг, 1-р хороо, Элчингүүдийн гудамж, "Мика" зочид буудал 3 тоот', '99710095,99191673,99114567,91910970,11-327690', '11-310133', 'munn@magicnet.mn,munn@munn.mn', 'www.munn.mn,www.facebook.com/munnmn', 'МУНН-ын анхдугаар чуулганы 1993.12.05-ны өдрийн №1 тогтоолоор /УДШ-ийн 1994.01.14.01-р тогтоолоор бүртгэсэн/ МУНН-ын 2005.02.23-ны 1/6 МУНН-ын дүрэмд өөрчлөлт оруулах тухай, МУНН-ын Улс төрийн Ерөнхий зөвлөлийн III хуралдааны 2005.02.18-ны 03-р тогтоолоор /УДШ-ийн 2005.04.20-ны 06-р тогтоолоор бүртгэсэн/ 2005.05.03-ны өдрийн МУНН-ын Улс төрийн Ерөнхий зөвлөлийн IV хуралдааны 1-р тогтоолоор МУНН-ын шинэчлэн найруулсан дүрэм /УДШ-ийн 2005.04.27-ны өдрийн 08-р тогтоолоор бүртгэсэн./ МУНН-ын Улс төрийн Ерөнхий зөвлөлийн 8-р хуралдааны тогтоолоор намын дүрэмд оруулах зарим өөрчлөлтийн тухай /УДШ-ийн 2008.05.23-ны 07-р тогтоолоор бүртгэсэн/ 2012.03.05-ны МУНН-ын V Их хурлын №1 тогтоолоор намын даргаар Б.Батболд сонгогдсон тухай / УДШ-ийн 2012.04.06-ны 04-р тогтоолоор бүртгэсэн/', '1993.12.05 ММТНН, МХӨНН, МТТ намууд нийлсэн. 2006.06.09-ний өдөр хуралдсан МУНН-ын УТЕЗ-ийн 6-р хуралдаанаас Ү.Хүрэлбаатарыг намын даргын үүрэгт ажлаас чөлөөлж, намын Ерөнхий нарийн бичгийн дарга Б.Батболд нам төлөөлөх эрхийг эдэлнэ гэж тус намын 2006.06.13-ны өдрийн 3/2 тоот албан бичгээр мэдэгдсэн.', 'Улсын Дээд шүүхийн 1994 оны 01 дүгээр сарын 14-ний өдрийн 01 дугаар тогтоолоор бүртгүүлсэн байна', '', '', 1503, 'MUNN_logo.jpg'),
(6, 'P6', 'Монгол Либерал Ардчилсан нам', 'МЛАН', 0, 0, 'Т.Төмөрмөнх', 'Улаанбаатар, Сүхбаатар дүүрэг, Жамъян гүний гудамж-4, урд жигүүрийн өрөөнүүд', '11-319747,11-323686,11-323860', '11-319747', 'delkhul@yahoo.com', '', 'МоЛАН-ын анхдугаар Их чуулганы 2-р Бүгд хурлаар 1998.04.19-өдөр баталсан /УДШ-ийн 1998.05.21-ний 04-р тогтоолоор бүртгэсэн/', '1998.03.05', 'УДШ-ийн 1998 оны 05 дугаар сарын 21-ний өдрийн 04 дүгээр тогтоолоор бүртгүүлсэн байна', '', '', 863, ''),
(7, 'P7', 'Эх Орон нам', 'ЭОН', 8488975, 8082001007, 'Б.Эрдэнэбат', 'Улаанбаатар-47, Жуковын өргөн чөлөө-7а, Эх орон намын байр', '11-453178,90150268', '11-453178', '', 'www.facebook.com/EkhOronNam ', '1998.12.16-ны өдөр МАШСН-ын үүсгэн байгуулагчдын анхдугаар их хурлаар 05-р тогтоолоор дүрэм баталсан /УДШ-ийн 1998.12.22-ны 05-р тогтоолоор бүртгэсэн/ МАШСН-ын анхдугаар их чуулганы 2000.01.21-ний өдрийн 03-р тогтоолоор намын дүрэмд нэмэлт өөрчлөлт оруулах тухай /УДШ-ийн 200.02.03-ны 03-р тогтоолоор бүртгэсэн/ МАШСН-ын хоёрдугаар бага чуулганы 200.04.12-ны 03-р тогтоолоор МАШСН-ын нэрийг өөрчлөх тухай /УДШ-ийн 2000.04.18-ны өдрийн 06-р тогтоолоор бүртгэсэн /УДШ-ийн 2005.01.20-ны өдрийн 02-р тогтоолоор бүртгэсэн/ Эх орон намын II их чуулганаар намын дүрэм шинэчлэн баталсан тухай /УДШ-ийн 2005.04.27-ны өдрийн 10-р тогтоолоор бүртгэсэн/', 'УДШ-ийн 1998.12.22-ны өдрийн 05 дугаар тогтоолоор Монголын Ардчилсан Шинэ социалист нам улсын бүртгэлд бүртгүүлсэн болно.', 'УДШ-ийн 200.04.18-ны өдрийн 06 дугаар тогтоолоор Монголын Ардчилсан Шин социалист намын нэрийг “Эх орон-Монголын Ардчилсан шинэ социалист нам” гэж өөрчилснийг бүртгэсэн. УДШ-ийн 2005.01.20-ны өдрийн 02 дугаар тогтоолоор “Эх орон” нам гэж өөрчилснийг бүртгэсэн.', '2006-07-10', '', 160000, 'EON_logo.jpg'),
(8, 'P8', 'Монгол Либерал нам', 'МЛН', 8488983, 8082001008, 'Б.Амгаланбаатар', 'Улаанбаатар, Чингэлтэй дүүрэг, 4-р хороо, Соёлын коллежын ард талд 3 давхар шар байшин, Улаанбаатар эрдэм оюу дээд сургуулийн дээр байрладаг, 302 тоот', '11-328198', '11-328198', '', 'www.liberal.mn', '1999.12.17-ны МИАШЛН-ын анхдугаар их хурлын 1-р тогтоолоор дүрэм батлах тухай /УДШ-ийн 2000.01.28-ны өдрийн 01-р тогтоолоор бүртгэсэн/ 2004.01.26-ны 01-р тогтоолоор МИАШЛН-ийн шинэчилсэн дүрмийн батлах тухай /УДШ-ийн 2004.04.05-ны 01-р тогтоолоор бүртгэсэн/', '1999.12.17', 'УДШ-ийн 2000 оны 01 дүгээр сарын 28-ны өдрийн 04 дүгээр тогтоолоор бүртгүүлсэн байна. МЛН-ын удирдах зөвлөлийн 2009.01.09-ний өдрийн хурлаар Л.Алтанчимэгийг МЛН-ын даргаар томилсон тухай 2009.03.16-ны өдөр 3/97 тоот албан бичгийг ирүүлсэн болно. \r\nУДШ-ийн 2012 оны 05 дугаар сарын 22-ны дрийн 07 дугаар тогтоолоор МЛН-ын даргаар Б.Дашзэвэгийг бүртгэсэн.\r\nУДШ-ийн 2014 оны 03 дугаар сарын 04-ний өдрийн 02 дугаар тогтоолоор МЛН-ын даргын үүрэг гүйцэтгэгчаар Б.Амгаланбаатарыг бүртгэсэн', '2006-07-10', '', 1300, ''),
(9, 'P9', 'Бүгд найрамдах нам', 'БНН', 8488991, 8082001009, 'Б.Жаргалсайхан', 'Баянгол дүүрэг, 3-р хороо, Буян холдинг ХХК-ийн байр 106 тоот', '99130905, 91917443, 99857099', '11-344843,11-344844', 'nyamsuren_SGRP@chinggis.com', 'www.facebook.com/bnn.media', 'Бүгд Найрамдах намын Их хурлын тогтоол №2 БНН-ын дүрэм батлах тухай /УДШ-ийн 2004.04.05-ны 02-р тогтоолоор Бүртгэсэн/ БНН-ын 2012.02.27-ны 09/а дугаар тогтоолоор намын дүрэмд нэмэлт, өөрчлөлт оруулах тухай /УДШ-ийн 2012.03.29-ний 03-р тогтоолоор бүртгэсэн/', '2004-03-15', 'Улсын Дээд шүүхийн 2004 оны 04 дүгээр сарын 05-ны өдрийн 02 дугаар тогтоолоор бүртгүүлсэн байна.', '2006-07-10', '', 50000, 'BNN_flag.jpg'),
(10, 'P10', 'Монголын Эмэгтэйчүүдийн Үндэсний Нам', 'МЭҮН', 0, 0, 'Г.Тунгалаггэрэл', 'Улаанбаатар, Сүхбаатар дүүрэг, Сөүлийн гудамж, Шувуун саарал УҮГ-ын Б корпус 3 давхар', '11-324877', '', '', '', 'МЭҮНН-ын анхдугаар их хурлын 2003.12.16-ны өдрийн 01-р тогтоолоор намын дүрэм батлах тухай /УДШ-ийн 2004.04.12-ны өдрийн 03-р тогтоолоор бүртгэсэн/', '2003.12.16', '2004 оны 04 дүгээр сарын 12-ны дөрийн 03 дугаар тогтоолоор бүртгүүлсэн байна.', '', '', 1069, ''),
(11, 'P11', 'Монголын Социал Демократ Нам', 'МСДН', 8489009, 8082001010, 'А.Ганбаатар', 'Улаанбаатар, Сүхбаатар дүүрэг, 1-р хороо, 5-р байрын 12 тоот', '99114273,91177272', '11-323828', 'secretariat@msdp.mn', 'www.facebook.com/pages/Монголын-Социал-Демократ-Нам/193602657371242', 'МСДН-ын зохион байгуулалтын хурлын 2004.12.19.-ний 01-р тогтоолоор дүрэм батлах тухай /УДШ-ийн 2005.01.20-ны өдрийн 01-р тогтоолоор бүртгэсэн/ МСЛН-ын Анхдугаар Их хурлын №6 тогтоолоор намын дүрмийн шинэчилсэн найруулгыг батлах тухай /УДШ-ийн 2008.05.01-ний өдрийн 04-р тогтоолоор бүртгэсэн/', '2004.12.19', 'Улсын Дээд шүүхийн 2005 оны 01 дүгээр сарын 20-ны өдрийн 01 дүгээр тогтоолоор бүртгүүлсэн байна.', '2006-07-10', '', 3000, 'MSDN_logo.jpg'),
(12, 'P12', 'Ард Түмний нам', 'АТН', 8489017, 8082001011, 'Намын даргын үүрэг гүйцэтгэгчээр Намын Ерөнхий нарийн бичгийн дарга Н.Наранцогт', 'Улаанбаатар, Сүхбаатар дүүрэг, 5-р хороо, Бат-Сарай ХХК-ны Лаки төвийн 3 давхар, 301 тоот', '99114140,91144343,99681212', '11-317982', 'info@ardtumen.mn', '', 'АТН-ын үүсгэн байгуулах хурлын 2005.12.11-ний 03-р тогтоолоор АТН-ын дүрмийг батлах тухай. /УДШ-ийн 2005.12.21-ний өдрийн 12-р тогтоолоор бүртгэсэн/', '2005.12.11', 'УДШ-ийн 2005 оны 12 дугаар сарын 21-ний өдрийн 12 дугаар тогтоолоор бүртгүүлсэн байна.', '2006-07-10', '', 11859, ''),
(13, 'P13', 'Монгол Үндэсний Ардчилсан нам', 'МҮАН', 8489025, 8082001012, 'М.Энхсайхан', 'Улаанбаатар, Чингэлтэй дүүрэг, Бага тойруу, 24/3, 04 тоот', '99116001,99118888,91929022', '11-319322', 'info@muan.mn', 'http://muan.mn/', 'Үндэсний шинэ намын анхдугаар их хурлын 2006.05.19-ний 06-р тогтоолоор Үндэсний шинэ намын дүрмийг батлах тухай /УДШ-ийн 2006.06.12-ны өдрийн 04-р тогтоолоор бүртгэсэн/ Үндэсний Шинэ намын III хурлын 2011.09.14-ний 08-р тогтоолоор намын дүрмийн нэмэлт өөрчлөлтийг батлах тухай, Үндэсний Шинэ намын III Их хурлын 2011.09.14-ний 12-р тогтоолоор намын нэр өөрчлөх тухай /УДШ-ийн 2011.10.07-ны өдрийн 10-р тогтоолоор бүртгэсэн/', '2006.05.19', 'УДШ-ийн 2006 оны 06 дүгээр сарын 12-ны өдрийн 04 дүгээр тогтоолоор бүртгүүлсэн байна УДШ-ийн 2011 оны 10 дугаар сарын 07-ны өдрийн 10 дугаар тогтоолоор дүрмэндээ өөрчлөлт оруулж, нэрээ өөрчилсөн болно.', '2006.07.10,2011.10.07', '', 26000, 'MUAN_logo.jpg'),
(14, 'P14', 'Эрх Чөлөөг Хэрэгжүүлэгч нам', 'ЭЧХН', 8489033, 8082001013, 'Ш.Төмөрсүх', 'Улаанбаатар, Чингэлтэй дүүрэг, 6-р хороо, Сүхбаатарын гудамж, Зохиолчдын эвлэлийн хорооны байр, 102 тоот', '70112256,99113439,19002999', '', 'mn_tumur@yahoo.com', 'www.facebook.com/pages/Эрх-Чөлөөг-Хэрэгжүүлэгч-Нам', 'Эрх чөлөөг хэрэгжүүлэгч намын Анхдугаар их хурлын 2006.10.09-ний 06-р тогтоолоор Эрх Чөлөөг хэрэгжүүлэгч намын дүрэм батлах тухай /УДШ-ийн 2007.02.09-ний өдрийн 01-р тогтоолоор бүртгэсэн/', '2006.10.09', 'УДШ-ийн 2007 оны 02 дугаар сарын 09-ний өдрийн 01 дүгээр тогтоолоор бүртгүүлсэн байна', '2007-02-09', '', 1600, 'EHN_logo.jpg'),
(15, 'P15', 'Иргэний Хөдөлгөөний нам', 'ИХН', 8489041, 8082001014, 'Б.Батсайхан', 'Улаанбаатар, Сүхбаатар дүүрэг, Мэдээлэл технологийн үндэсний парк, 304 тоот', '11-321900,99111403', '11-327899', '', '', 'Иргэний хөдөлгөөний намын үүсгэн байгуулах хурлын 2007.10.04-ний №2 тогтоолоор Иргэний хөдөлгөөний намын дүрмийг батлах тухай /УДШ-ийн 2007.10.17-ны өдрийн 04-р тогтоолоор бүртгэсэн/', '2007.08.17', 'УДШ-ийн 2007 оны 10 дугаар сарын 17-ны өдрийн 04 дүгээр тогтоолоор бүртгүүлсэн байна', '2007-10-24', '', 813, 'IXN_logo.jpg'),
(16, 'P16', 'Хөгжлийн Хөтөлбөрийн нам', 'ХХН', 8489068, 8082001015, 'Н.Зууннаст', 'Улаанбаатар, Сүхбаатар дүүрэг, 14-р хороо, 7-буудал дахь Ядууралтай тэмцэх Хөгжлийн хөтөлбөр сан-ын байрны 2 тоот', '96019222', '', '', '', 'Үүсгэн байгуулагчдын хурлын шийдвэр Хөгжлийн хөтөлбөр намын 2007.10.28-ны өдрийн №2 тогтоолоор нарын дүрэм батлах тухай /УДШ-ийн 2007.10.30-ны өдрийн 05-р тогтоолоор бүртгэсэн/', '2007.10.28', 'УДШ-ийн 2007 оны 10 дугаар сарын 30-ны өдрийн 05 дугаар тогтоолоор бүртгүүлсэн байна', '2007-12-04', '', 933, ''),
(17, 'P17', 'Монголын Ардчилсан Хөдөлгөөний нам', 'МОНАРХН', 8489076, 8082001016, 'Т.Оюунаа', 'Улаанбаатар, Сүхбаатар дүүрэг, 6-р хороо, Их сургуулийн гудамж, 3/2 306 тоот', '210620,99009093,91999901,99825653', '', '', '', 'МОНАРХН-ын Онц Их хурлын 2007.11.26-ны 06-р тогтоолоор МОНАРХН-ын зохион байгуулах Их хурлаас дүрэм батлах тухай /УДШ-ийн 2008.02.01-ний 01-р тогтоолоор бүртгэсэн/', '2008.02.01', 'УДШ-ийн 2008 оны 02 дугаар сарын 01-ний өдрийн 01 дүгээр тогтоолоор бүртгүүлсэн байна', '2008-02-01', '', 850, ''),
(18, 'P18', 'Монгол Ардын Хувьсгалт нам', 'МАХН', 8489084, 8082001017, 'Н.Энхбаяр', 'Улаанбаатар, Сүхбаатар дүүрэг, 1-р хороо, Олимпийн гудамж, 5 байр', '99109619,99078778', '', '', '', 'МАХН-ын Онц Их хурлын тогтоол 2011.01.28-ны өдрийн дугаар 28 тогтоолоор МАХН-ын дүрмийг батлах тухай /УДШ-ийн 2011.06.24-ны өдрийн 07-р тогтоолоор бүртгэсэн/', '2011-01-28', 'Улсын Дээд шүүхийн 2011 оны 06 дугаар сарын 24-ний өдрийн 07 дугаар тогтоолоор бүртгүүлсэн', '2011-06-24', '', 35000, 'MAXN_logo.jpg'),
(19, 'P19', 'Хамуг Монгол Хөдөлмөрийн нам', 'ХМХН', 8489092, 8082001018, 'С.Молор-Эрдэнэ', 'Улаанбаатар, Сүхбаатар дүүрэг, 8-р хороо, Залуучуудын өргөн чөлөө "Монгол хэвлэл" ХХК-ийн байранд', '50010303,99101948', '', '', '', 'ХМХН-ын анхдугаар Их хурлын 2011.09.23-ны өдрийн 09-р тогтоолоор ХМХН-ын дүрмийг батлах тухай /УДШ-ийн 2011.10.21-ний өдрийн 13-р тогтоолоор бүртгэсэн/', '2011.09.23', 'Улсын Дээд шүүхийн 2011 оны 10 дугаар сарын 21-ний өдрийн 13 дугаар тогтоолоор бүртгүүлсэн байна.', '2011.10.21', 'Улс төрийн, О/Н/Өмчийн', 2000, 'XMXH_logo.jpg'),
(20, 'P20', 'Хөдөлмөрийн үндэсний нам', 'ХҮН', 8489100, 8082001019, 'Т.Энхбаяр', 'Улаанбаатар, Чингэлтэй дүүрэг, Энхтайваны өргөн чөлөө 4 байр, 1 тоот', '91911466,99098268', '', '', '', '2011.11.05-ны өдрийн ХөҮН-ын ээлжит бус их хурдаар ХөҮН-ын дүрмийг батлах тухай /УДШ-ийн 2011.12.05-ны өдрийн 14-р тогтоолоор бүртгэсэн/', '2011.11.05', 'Улсын Дээд шүүхийн 2011 оны 12 дугаар сарын 05-ны өдрийн 14 дугаар тогтоолоор бүртгүүлсэн байна.', '2011.12.05', 'Улс төрийн, О/Н/Өмчийн', 1027, ''),
(21, 'P21', 'Эх орончдын нэгдсэн нам', 'ЭОНН', 8489108, 8082001020, 'Г.Ганбат', 'Улаанбаатар, Баянгол дүүрэг, 8-р хороо, 4-р хороолол, 11-260', '99113622,88866402,96671779', '', '', '', 'Эх орончдын намын 2012.01.20-ны өдрийн 05-р тогтоолоор намын дүрмийг батлах тухай /УДШ-ийн 2012.03.12-ны өдрийн 01-р тогтоолоор бүртгэсэн/', '2012-01-20', 'Улсын Дээд шүүхийн 2012 оны 03 дугаар сарын 12-ны өдрийн 01 дүгээр тогтоолоор бүртгүүлсэн байна.', '2012-03-12', '', 2150, ''),
(22, 'P22', 'Монгол Консерватив нам', 'МКН', 8489116, 8012102301, 'Н.Дашдаваа', 'Чингэлтэй дүүрэг, 4-р хороо, Сүхбаатарын гудамж, 5-8 байр 107 тоот Peace Building төв', '99109310,99078596,99112826,99011255,91910889,99797379', '', '', '', 'Монгол Консерватив намын Анхдугаар их хурлаар 2012 оны 06 дугаар сарын 20-ны өдрийн 08 дугаар тогтолоор намын дүрмийг батлах тухай / УДШ-ийн 2012 оны10 дугаар сарын 23-ны өдрийн 09 дүгээр тогтоолоор бүртгэсэн/', '2012.06.20', 'УДШ-ийн 2012 оны10 дугаар сарын 23-ны өдрийн 09 дүгээр тогтоолоор бүртгүүлсэн байна.', '2012.10.23', 'Улс төрийн, О/Н/Өмчийн', 959, 'MKH_logo.jpg');

-- --------------------------------------------------------

--
-- Table structure for table `party_financial_list`
--

CREATE TABLE IF NOT EXISTS `party_financial_list` (
  `id` int(100) NOT NULL AUTO_INCREMENT,
  `financeid` int(10) NOT NULL,
  `partyid` int(100) NOT NULL,
  `outcomeid` int(100) NOT NULL,
  `incomeid` int(100) NOT NULL,
  PRIMARY KEY (`id`),
  KEY `id` (`id`),
  KEY `FKfinancial_780128` (`incomeid`),
  KEY `FKfinancial_933223` (`outcomeid`),
  KEY `FKfinancial_205934` (`partyid`),
  KEY `FKfinancial_980628` (`financeid`)
) ENGINE=InnoDB  DEFAULT CHARSET=utf8 COLLATE=utf8_bin AUTO_INCREMENT=28 ;

--
-- Dumping data for table `party_financial_list`
--

INSERT INTO `party_financial_list` (`id`, `financeid`, `partyid`, `outcomeid`, `incomeid`) VALUES
(1, 1, 5, 1, 1),
(2, 2, 14, 2, 2),
(3, 3, 4, 3, 3),
(4, 4, 2, 4, 4),
(5, 5, 17, 5, 5),
(6, 6, 1, 6, 6),
(7, 14, 1, 14, 14),
(8, 15, 2, 15, 15),
(9, 16, 14, 16, 16),
(10, 17, 5, 17, 17),
(11, 18, 1, 18, 18),
(12, 19, 1, 19, 19),
(13, 20, 4, 20, 20),
(14, 21, 4, 21, 21),
(15, 22, 11, 22, 22),
(16, 23, 11, 23, 23),
(17, 24, 2, 24, 24),
(18, 25, 2, 25, 25),
(19, 27, 3, 27, 27),
(20, 28, 3, 28, 28),
(21, 29, 7, 29, 29),
(22, 30, 7, 30, 30),
(23, 31, 15, 31, 31),
(24, 32, 15, 32, 32),
(25, 45, 2, 45, 45),
(26, 46, 1, 46, 46),
(27, 47, 18, 47, 47);

-- --------------------------------------------------------

--
-- Table structure for table `publisher`
--

CREATE TABLE IF NOT EXISTS `publisher` (
  `publisherid` int(11) NOT NULL AUTO_INCREMENT,
  `publishername` varchar(30) COLLATE utf8_bin NOT NULL,
  PRIMARY KEY (`publisherid`)
) ENGINE=InnoDB DEFAULT CHARSET=utf8 COLLATE=utf8_bin AUTO_INCREMENT=1 ;

--
-- Constraints for dumped tables
--

--
-- Constraints for table `party_financial_list`
--
ALTER TABLE `party_financial_list`
  ADD CONSTRAINT `FKfinancial_205934` FOREIGN KEY (`partyid`) REFERENCES `party` (`id`),
  ADD CONSTRAINT `FKfinancial_780128` FOREIGN KEY (`incomeid`) REFERENCES `income` (`id`),
  ADD CONSTRAINT `FKfinancial_933223` FOREIGN KEY (`outcomeid`) REFERENCES `outcome` (`id`),
  ADD CONSTRAINT `FKfinancial_980628` FOREIGN KEY (`financeid`) REFERENCES `finance` (`id`);

/*!40101 SET CHARACTER_SET_CLIENT=@OLD_CHARACTER_SET_CLIENT */;
/*!40101 SET CHARACTER_SET_RESULTS=@OLD_CHARACTER_SET_RESULTS */;
/*!40101 SET COLLATION_CONNECTION=@OLD_COLLATION_CONNECTION */;
